{"cameraMode":{"drawMode":0,"name":"Shaded","section":"Shading Mode"},"sceneLighting":false,"audioPlay":false,"sceneViewState":{"showFog":true,"showMaterialUpdate":false,"showSkybox":false,"showFlares":true,"showImageEffects":true,"showParticleSystems":true},"in2DMode":false,"pivot":{"x":-8.28591251373291,"y":0.32358044385910036,"z":4.812544822692871},"rotation":{"x":-0.35947251319885256,"y":0.022949382662773134,"z":-0.008842476643621922,"w":-0.9328585863113403},"size":0.3562183380126953,"orthographic":false}