{"cameraMode":{"drawMode":0,"name":"Shaded","section":"Shading Mode"},"sceneLighting":false,"audioPlay":false,"sceneViewState":{"showFog":true,"showMaterialUpdate":false,"showSkybox":false,"showFlares":true,"showImageEffects":true,"showParticleSystems":true},"in2DMode":false,"pivot":{"x":6.863437652587891,"y":1.1823692321777344,"z":-5.045841693878174},"rotation":{"x":-0.09905067831277847,"y":-0.33296293020248415,"z":0.03519408404827118,"w":-0.9370859861373901},"size":0.46615418791770937,"orthographic":false}