{"cameraMode":{"drawMode":0,"name":"Shaded","section":"Shading Mode"},"sceneLighting":false,"audioPlay":false,"sceneViewState":{"showFog":true,"showMaterialUpdate":false,"showSkybox":false,"showFlares":true,"showImageEffects":true,"showParticleSystems":true},"in2DMode":false,"pivot":{"x":-1.8806352615356446,"y":-7.350611209869385,"z":5.670000076293945},"rotation":{"x":-0.29917916655540469,"y":-0.11925464868545532,"z":0.037719011306762698,"w":-0.9459826946258545},"size":1.5489224195480347,"orthographic":false}