{"cameraMode":{"drawMode":0,"name":"Shaded","section":"Shading Mode"},"sceneLighting":false,"audioPlay":false,"sceneViewState":{"showFog":true,"showMaterialUpdate":false,"showSkybox":false,"showFlares":true,"showImageEffects":true,"showParticleSystems":true},"in2DMode":false,"pivot":{"x":-4.919188499450684,"y":0.24956601858139039,"z":4.846698760986328},"rotation":{"x":-0.014180396683514119,"y":-0.9854804277420044,"z":0.13505961000919343,"w":-0.10293976217508316},"size":0.5390057563781738,"orthographic":false}