{"cameraMode":{"drawMode":0,"name":"Shaded","section":"Shading Mode"},"sceneLighting":false,"audioPlay":false,"sceneViewState":{"showFog":true,"showMaterialUpdate":false,"showSkybox":false,"showFlares":true,"showImageEffects":true,"showParticleSystems":true},"in2DMode":false,"pivot":{"x":-5.155821323394775,"y":0.37420281767845156,"z":3.068392515182495},"rotation":{"x":-0.29917916655540469,"y":-0.11925464868545532,"z":0.037719011306762698,"w":-0.9459826946258545},"size":0.9794638156890869,"orthographic":false}