{"cameraMode":{"drawMode":0,"name":"Shaded","section":"Shading Mode"},"sceneLighting":false,"audioPlay":false,"sceneViewState":{"showFog":true,"showMaterialUpdate":false,"showSkybox":false,"showFlares":true,"showImageEffects":true,"showParticleSystems":true},"in2DMode":false,"pivot":{"x":-3.004063606262207,"y":1.512442946434021,"z":6.677751064300537},"rotation":{"x":-0.17566831409931184,"y":-0.2885238230228424,"z":0.053939320147037509,"w":-0.939693033695221},"size":0.5854898691177368,"orthographic":false}