{"cameraMode":{"drawMode":0,"name":"Shaded","section":"Shading Mode"},"sceneLighting":false,"audioPlay":false,"sceneViewState":{"showFog":true,"showMaterialUpdate":false,"showSkybox":false,"showFlares":true,"showImageEffects":true,"showParticleSystems":true},"in2DMode":false,"pivot":{"x":-6.107753753662109,"y":0.4326498508453369,"z":4.822109699249268},"rotation":{"x":-0.35947251319885256,"y":0.022949382662773134,"z":-0.008842476643621922,"w":-0.9328585863113403},"size":0.15362383425235749,"orthographic":false}