{"cameraMode":{"drawMode":0,"name":"Shaded","section":"Shading Mode"},"sceneLighting":false,"audioPlay":false,"sceneViewState":{"showFog":true,"showMaterialUpdate":false,"showSkybox":false,"showFlares":true,"showImageEffects":true,"showParticleSystems":true},"in2DMode":false,"pivot":{"x":-1.4177781343460084,"y":1.4978046417236329,"z":6.674229621887207},"rotation":{"x":-0.17566831409931184,"y":-0.2885238230228424,"z":0.053939320147037509,"w":-0.939693033695221},"size":0.6272820830345154,"orthographic":false}