{"cameraMode":{"drawMode":0,"name":"Shaded","section":"Shading Mode"},"sceneLighting":false,"audioPlay":false,"sceneViewState":{"showFog":true,"showMaterialUpdate":false,"showSkybox":false,"showFlares":true,"showImageEffects":true,"showParticleSystems":true},"in2DMode":false,"pivot":{"x":-2.422715187072754,"y":1.2900457382202149,"z":6.67474889755249},"rotation":{"x":-0.17566831409931184,"y":-0.2885238230228424,"z":0.053939320147037509,"w":-0.939693033695221},"size":0.22576996684074403,"orthographic":false}