{"cameraMode":{"drawMode":0,"name":"Shaded","section":"Shading Mode"},"sceneLighting":false,"audioPlay":false,"sceneViewState":{"showFog":true,"showMaterialUpdate":false,"showSkybox":false,"showFlares":true,"showImageEffects":true,"showParticleSystems":true},"in2DMode":false,"pivot":{"x":-2.9233226776123049,"y":0.14956602454185487,"z":4.841899871826172},"rotation":{"x":-0.014180396683514119,"y":-0.9854804277420044,"z":0.13505961000919343,"w":-0.10293976217508316},"size":1.0778635740280152,"orthographic":false}