{"cameraMode":{"drawMode":0,"name":"Shaded","section":"Shading Mode"},"sceneLighting":false,"audioPlay":false,"sceneViewState":{"showFog":true,"showMaterialUpdate":false,"showSkybox":false,"showFlares":true,"showImageEffects":true,"showParticleSystems":true},"in2DMode":false,"pivot":{"x":-7.015199661254883,"y":0.7128748893737793,"z":6.4029364585876469},"rotation":{"x":-0.4150957763195038,"y":-0.03766528144478798,"z":0.017173752188682557,"w":-0.9089078307151794},"size":0.7806781530380249,"orthographic":false}